<?xml version="1.0" encoding="UTF-8" ?>
<!DOCTYPE mapper PUBLIC "-//mybatis.org//DTD mapper 3.0//EN"
        "http://mybatis.org/dtd/mybatis-3-mapper.dtd">
<mapper namespace="com.itheima.mapper.OrderMapper">
    <select id="selectOrder" parameterType="Integer" resultMap="OrderWithProductResult">
        select * from tb_orders where user_id=#{id}
     </select>
    <resultMap id="OrderWithProductResult" type="com.itheima.pojo.Orders">
        <id column="id" property="id"></id>
        <result column="number" property="number"></result>
        <collection property="productList" column="id" ofType="com.itheima.pojo.Product" select="com.itheima.mapper.ProductMapper.findProductById">
        </collection>
    </resultMap>

</mapper>