<?xml version="1.0" encoding="UTF-8" ?>
<!DOCTYPE mapper PUBLIC "-//mybatis.org//DTD mapper 3.0//EN"
        "http://mybatis.org/dtd/mybatis-3-mapper.dtd">
<mapper namespace="com.itheima.mapper.UsersMapper">

    <select id="findUsersById" parameterType="Integer" resultMap="UserWithOrderResult">
        select * from tb_user where id=#{id}
    </select>
    <resultMap id="UserWithOrderResult" type="com.itheima.pojo.Users">
        <id column="id" property="id"></id>
        <result column="username" property="username"></result>
        <result column="address" property="address"></result>
        <collection property="ordersList" column="id" ofType="com.itheima.pojo.Orders"
                    select="com.itheima.mapper.OrderMapper.selectOrder"></collection>
    </resultMap>

</mapper>