<?xml version="1.0" encoding="UTF-8" ?>
<!DOCTYPE configuration
        PUBLIC "-//mybatis.org//DTD Config 3.0//EN"
        "http://mybatis.org/dtd/mybatis-3-config.dtd">
<configuration>
    <!-- 环境配置 -->
    <!-- 加载类路径下的属性文件 -->
    <properties resource="db.properties"/>
    <typeAliases>
        <package name="com.itheima.pojo"/>
    </typeAliases>
    <environments default="development">
        <environment id="development">
            <transactionManager type="JDBC"/>
            <!-- 数据库连接相关配置 ,db.properties文件中的内容-->
            <dataSource type="POOLED">
                <property name="driver" value="${mysql.driver}"/>
                <property name="url" value="${mysql.url}"/>
                <property name="username" value="${mysql.username}"/>
                <property name="password" value="${mysql.password}"/>
            </dataSource>
        </environment>
    </environments>
    <!-- mapping文件路径配置 -->
    <mappers>
        <mapper resource="com/itheima/mapper/UserMapper.xml"/>
        <mapper resource="com/itheima/mapper/OrderMapper.xml"/>
        <mapper resource="com/itheima/mapper/ProductMapper.xml"/>
        <mapper resource="com/itheima/mapper/UsersMapper.xml"/>
        <mapper resource="com/itheima/mapper/StudentMapper.xml"/>
        <mapper resource="com/itheima/mapper/CustomerMapper.xml"/>
        <mapper resource="com/itheima/mapper/IdCardMapper.xml"/>
        <mapper resource="com/itheima/mapper/PersonMapper.xml"/>
        <mapper class="com.itheima.dao.IdCardMapper"/>
        <mapper class="com.itheima.dao.PersonMapper"/>
        <mapper class="com.itheima.dao.UsersMapper"/>
        <mapper class="com.itheima.dao.OrdersMapper"/>
        <mapper class="com.itheima.dao.ProductMapper"/>
    </mappers>

</configuration>
